Name,URL
Cross-model-with-clip,https://jina.ai/2021/03/25/cross-modal-with-clip.html
yaml-intellisense-in-jina-app-development,https://jina.ai/2021/03/09/yaml-intellisense-in-jina-app-development.html
crud-jina,https://jina.ai/blog/2021/02/17/crud-jina.html
Multimodality-demo-in-detail,https://jina.ai/2021/02/01/Multimodality-demo-in-detail.html
pair-programming-onboarding,https://jina.ai/2021/01/14/pair-programming-onboarding.html
how-to-build-a-production-ready-financial-question-answering-system-with-jina-and-bert,https://towardsdatascience.com/how-to-build-a-production-ready-financial-question-answering-system-with-jina-and-bert-48335103043f
jina-2020-year-in-review,https://jina.ai/2020/12/28/jina-2020-year-in-review.html
Remote-Search-Flows-with-JinaD,https://jina.ai/2020/12/21/Remote-Search-Flows-with-JinaD.html
star-wars-workflow,https://jina.ai/2020/12/16/star-wars-workflow.html
New-Jina-primitive-data-types,https://jina.ai/2020/12/01/New-Jina-primitive-data-types.html
windows-support,https://jina.ai/2020/11/23/windows-support.html
Primitive-Data-Types-in-Neural-Search-System,https://hanxiao.io/2020/11/22/Primitive-Data-Types-in-Neural-Search-System/
jina-ai-with-rasa-,https://chatbotslife.com/jina-ai-with-rasa-1e81a8b869cc
Optimizing-the-Overhead-of-a-Decentralized-Search-System,https://hanxiao.io/2020/11/10/Optimizing-the-Overhead-of-a-Decentralized-Search-System/
Terraform-plus-Jina,https://jina.ai/2020/11/05/Terraform-plus-Jina.html
thank-you-hacktoberfest,https://jina.ai/events/2020/11/04/thank-you-hacktoberfest.html
Mindspore-powered-Neural-Search-in-Jina,https://hanxiao.io/2020/10/28/Mindspore-powered-Neural-Search-in-Jina/
Evaluation-Flow-Explained-in-Jina-v0-7,https://hanxiao.io/2020/10/25/Evaluation-Flow-Explained-in-Jina-v0-7/
2020-jina-x-hackathon-retrospect,https://jina.ai/2020/10/21/@pswoo-2020-jina-x-hackathon-retrospect-35b7f6c3fc1e.html
A-Curated-List-of-Neural-Search-and-Jina-Framework-Designs,https://hanxiao.io/2020/10/19/A-Curated-List-of-Neural-Search-and-Jina-Framework-Designs/
Cross-modal-Search-with-Jina,https://jina.ai/2020/10/02/Cross-modal-Search-with-Jina.html
How-To-Extract-data-from-a-PDF-in-Jina,https://jina.ai/2020/09/24/How-To-Extract-data-from-a-PDF-in-Jina.html
Numpy-Tricks-and-A-Strong-Baseline-for-Vector-Index,https://hanxiao.io/2020/09/21/Numpy-Tricks-and-A-Strong-Baseline-for-Vector-Index/
What-s-New-in-Jina-v0-5,https://hanxiao.io/2020/08/28/What-s-New-in-Jina-v0-5/
What-the-Heck-Is-an-Open-Source-Program-Office-Anyway,https://jina.ai/2020/08/28/What-the-Heck-Is-an-Open-Source-Program-Office-Anyway.html
Jina-X-Hackathon-Sep-18-20-2020,https://jina.ai/2020/08/26/Jina-X-Hackathon-Sep-18-20-2020.html
Building-a-Search-System-with-Jina-and-Faiss,https://jina.ai/2020/08/07/Building-a-Search-System-with-Jina-and-Faiss.html
Build-a-BERT-based-Semantic-Search-System-For-Star-Trek,https://jina.ai/2020/08/05/Build-a-BERT-based-Semantic-Search-System-For-Star-Trek.html
Evaluation-Flow-Explained-in-Jina-v0-7,https://hanxiao.io/2020/10/25/Evaluation-Flow-Explained-in-Jina-v0-7/
I-m-Gambling-it-All-on-an-Open-Source-Startup-Here-s-Why,https://jina.ai/2020/07/14/I-m-Gambling-it-All-on-an-Open-Source-Startup-Here-s-Why.html
